{
    "property": [
        {
            "companding": "True",
            "compandingAlgorithm": "A-law"
        }
    ],
    "BFA Signatures": [
        {
            "Byte-0": 1.0,
            "Byte-1": 0.7774550272945955,
            "Byte-2": 0.7172150002151849,
            "Byte-3": 0.7057924333641699,
            "Byte-4": 0.7249398499687142,
            "Byte-5": 0.692732725324437,
            "Byte-6": 0.687657525463583,
            "Byte-7": 0.6795857003589549,
            "Byte-8": 0.7135200834993715,
            "Byte-9": 0.6963708776448221,
            "Byte-10": 0.6936381056723147,
            "Byte-11": 0.6825091618358201,
            "Byte-12": 0.6818143250630344,
            "Byte-13": 0.669162338726559,
            "Byte-14": 0.6659357972717678,
            "Byte-15": 0.6731578547098325,
            "Byte-16": 0.6991964258217698,
            "Byte-17": 0.6913830123358714,
            "Byte-18": 0.6826764362895368,
            "Byte-19": 0.6864141211743847,
            "Byte-20": 0.6865797403494666,
            "Byte-21": 0.6885687954082594,
            "Byte-22": 0.67148279562858,
            "Byte-23": 0.6817145865422899,
            "Byte-24": 0.6828653547245406,
            "Byte-25": 0.6701176361135275,
            "Byte-26": 0.6663963758552695,
            "Byte-27": 0.6717653216956696,
            "Byte-28": 0.6667416601539728,
            "Byte-29": 0.6666794131109709,
            "Byte-30": 0.6648562705030615,
            "Byte-31": 0.6775443721133694,
            "Byte-32": 0.6875514681289795,
            "Byte-33": 0.6864851481662938,
            "Byte-34": 0.6763519400724496,
            "Byte-35": 0.6721195950598873,
            "Byte-36": 0.672950911881796,
            "Byte-37": 0.6718541372520868,
            "Byte-38": 0.671278165721795,
            "Byte-39": 0.6774286262968461,
            "Byte-40": 0.6784591324962901,
            "Byte-41": 0.6678489084368613,
            "Byte-42": 0.670092943273816,
            "Byte-43": 0.6774713856171508,
            "Byte-44": 0.6701760252428928,
            "Byte-45": 0.6693174812861081,
            "Byte-46": 0.6719225114643004,
            "Byte-47": 0.6813116555949553,
            "Byte-48": 0.6920516604878271,
            "Byte-49": 0.6750076299084802,
            "Byte-50": 0.6666763055460377,
            "Byte-51": 0.6646276611256505,
            "Byte-52": 0.6663777712327849,
            "Byte-53": 0.6627216667169796,
            "Byte-54": 0.6703074642077748,
            "Byte-55": 0.6723434035240596,
            "Byte-56": 0.6748998569204865,
            "Byte-57": 0.6536015111709225,
            "Byte-58": 0.6575442362317034,
            "Byte-59": 0.6662892111015328,
            "Byte-60": 0.6673695015028108,
            "Byte-61": 0.6603928395343823,
            "Byte-62": 0.6700335410456003,
            "Byte-63": 0.6871985527610884,
            "Byte-64": 0.6926867959949554,
            "Byte-65": 0.678256481072057,
            "Byte-66": 0.6755015143729983,
            "Byte-67": 0.6633500571740154,
            "Byte-68": 0.6762491750756148,
            "Byte-69": 0.6709367488977293,
            "Byte-70": 0.6685994386957206,
            "Byte-71": 0.665974295485995,
            "Byte-72": 0.6697615460385541,
            "Byte-73": 0.6685626794848156,
            "Byte-74": 0.666985316788842,
            "Byte-75": 0.6717763175631375,
            "Byte-76": 0.6719281179001736,
            "Byte-77": 0.6704008487950093,
            "Byte-78": 0.665507201952889,
            "Byte-79": 0.6780034271937943,
            "Byte-80": 0.6708771627621063,
            "Byte-81": 0.6725587164026435,
            "Byte-82": 0.6659421795218688,
            "Byte-83": 0.6649715526468802,
            "Byte-84": 0.6664893875602756,
            "Byte-85": 0.6872907684697872,
            "Byte-86": 0.6760671165713235,
            "Byte-87": 0.6804607674858373,
            "Byte-88": 0.6784009647885985,
            "Byte-89": 0.6583690744185462,
            "Byte-90": 0.668464283580546,
            "Byte-91": 0.671178415940862,
            "Byte-92": 0.6697327452084715,
            "Byte-93": 0.6725253517941883,
            "Byte-94": 0.6775825314867829,
            "Byte-95": 0.6930059764117349,
            "Byte-96": 0.6885878721432808,
            "Byte-97": 0.6784441844738787,
            "Byte-98": 0.67232501070774,
            "Byte-99": 0.6721216706112204,
            "Byte-100": 0.6647674256136074,
            "Byte-101": 0.6655312777473104,
            "Byte-102": 0.6653260791227316,
            "Byte-103": 0.6595591502780846,
            "Byte-104": 0.6622525324504677,
            "Byte-105": 0.666465537133177,
            "Byte-106": 0.6671874285352104,
            "Byte-107": 0.6626421309534729,
            "Byte-108": 0.6703663585409355,
            "Byte-109": 0.6774940346508666,
            "Byte-110": 0.6726166533055004,
            "Byte-111": 0.6808847221857306,
            "Byte-112": 0.6806837473904919,
            "Byte-113": 0.6741608272682341,
            "Byte-114": 0.6621703660426765,
            "Byte-115": 0.6589624239148736,
            "Byte-116": 0.6592690563603547,
            "Byte-117": 0.6668260991015276,
            "Byte-118": 0.6657659011788193,
            "Byte-119": 0.6914066387065616,
            "Byte-120": 0.6750940859544171,
            "Byte-121": 0.6559650034998801,
            "Byte-122": 0.6652421594579152,
            "Byte-123": 0.677917898970726,
            "Byte-124": 0.6761014495856877,
            "Byte-125": 0.6796754546731224,
            "Byte-126": 0.6798618792697815,
            "Byte-127": 0.7178331155202751,
            "Byte-128": 0.6926821114892829,
            "Byte-129": 0.6746724797983734,
            "Byte-130": 0.6983664279001236,
            "Byte-131": 0.6665343220629548,
            "Byte-132": 0.6839546161277695,
            "Byte-133": 0.6825145986754823,
            "Byte-134": 0.6683343630188143,
            "Byte-135": 0.6669038496361678,
            "Byte-136": 0.6826894700195945,
            "Byte-137": 0.6712084140579428,
            "Byte-138": 0.6784272907977008,
            "Byte-139": 0.6705408984875756,
            "Byte-140": 0.6726268189304514,
            "Byte-141": 0.66987170467226,
            "Byte-142": 0.6660300724445888,
            "Byte-143": 0.6688063308474976,
            "Byte-144": 0.6655645799562937,
            "Byte-145": 0.6605215681919404,
            "Byte-146": 0.6606651037557111,
            "Byte-147": 0.6674652970285705,
            "Byte-148": 0.6640745268297936,
            "Byte-149": 0.6623356718006628,
            "Byte-150": 0.6689264661164319,
            "Byte-151": 0.6745824930174529,
            "Byte-152": 0.67392274981292,
            "Byte-153": 0.6602523052521364,
            "Byte-154": 0.6626662311786538,
            "Byte-155": 0.6727575465385176,
            "Byte-156": 0.6680226776591328,
            "Byte-157": 0.6556731916356815,
            "Byte-158": 0.6620641782312896,
            "Byte-159": 0.6811533169850419,
            "Byte-160": 0.6707574853889953,
            "Byte-161": 0.6632177546801212,
            "Byte-162": 0.6672351152562931,
            "Byte-163": 0.6607116293773811,
            "Byte-164": 0.6645019567248159,
            "Byte-165": 0.6653677353914186,
            "Byte-166": 0.6694265988847093,
            "Byte-167": 0.6636114113388898,
            "Byte-168": 0.6640542535251505,
            "Byte-169": 0.6642887350208833,
            "Byte-170": 0.6842924765142181,
            "Byte-171": 0.6791419335007434,
            "Byte-172": 0.6671906807580484,
            "Byte-173": 0.672256520465777,
            "Byte-174": 0.6711057465998305,
            "Byte-175": 0.6892707620718017,
            "Byte-176": 0.6835494538546348,
            "Byte-177": 0.6714477426246785,
            "Byte-178": 0.6570810052201635,
            "Byte-179": 0.659510594206748,
            "Byte-180": 0.6622814482788395,