{
    "property": [
        {
            "companding": "True",
            "compandingAlgorithm": "A-law"
        }
    ],
    "BFA Signatures": [
        {
            "Byte-0": 0.989536013178417,
            "Byte-1": 0.6213311487141511,
            "Byte-2": 0.31457285243923966,
            "Byte-3": 0.3020401583000887,
            "Byte-4": 0.2930037617875737,
            "Byte-5": 0.28480477786264236,
            "Byte-6": 0.27982982834758274,
            "Byte-7": 0.31844894217263886,
            "Byte-8": 0.40173891462947325,
            "Byte-9": 0.2831445545394399,
            "Byte-10": 0.4349298781313919,
            "Byte-11": 0.20503992025516743,
            "Byte-12": 0.6339343522645275,
            "Byte-13": 0.2839812507112054,
            "Byte-14": 0.20262783041429913,
            "Byte-15": 0.23258912607797366,
            "Byte-16": 0.29916671684030066,
            "Byte-17": 0.3518014156182504,
            "Byte-18": 0.23636232252654937,
            "Byte-19": 0.20861244468466525,
            "Byte-20": 0.21981599803938134,
            "Byte-21": 0.22661581427161226,
            "Byte-22": 0.19591619641814237,
            "Byte-23": 0.26769340057840685,
            "Byte-24": 0.3678339071002407,
            "Byte-25": 0.29678823920860237,
            "Byte-26": 0.19628525358437884,
            "Byte-27": 0.17686846220222002,
            "Byte-28": 0.23332988362126056,
            "Byte-29": 0.17888327980303803,
            "Byte-30": 0.18189174460828936,
            "Byte-31": 0.2342784701068446,
            "Byte-32": 0.6183643813298904,
            "Byte-33": 0.24238348506738766,
            "Byte-34": 0.3934483009932207,
            "Byte-35": 0.29148611809835223,
            "Byte-36": 0.2605274233303999,
            "Byte-37": 0.2590325391531443,
            "Byte-38": 0.22322132802750433,
            "Byte-39": 0.23451376598112686,
            "Byte-40": 0.26169707475850523,
            "Byte-41": 0.3045320486078241,
            "Byte-42": 0.2614003063036805,
            "Byte-43": 0.20315551794164055,
            "Byte-44": 0.2761157774758374,
            "Byte-45": 0.311317529688082,
            "Byte-46": 0.308665882222622,
            "Byte-47": 0.2700577492379028,
            "Byte-48": 0.3258151846097883,
            "Byte-49": 0.2777939640266491,
            "Byte-50": 0.2323729552192929,
            "Byte-51": 0.26303639955279534,
            "Byte-52": 0.2360909254021236,
            "Byte-53": 0.2536542587260122,
            "Byte-54": 0.38953438763835946,
            "Byte-55": 0.21258278022641544,
            "Byte-56": 0.23888034030929944,
            "Byte-57": 0.26266616189784137,
            "Byte-58": 0.3964191874694477,
            "Byte-59": 0.29784101383499567,
            "Byte-60": 0.27826649331661685,
            "Byte-61": 0.3087135160030419,
            "Byte-62": 0.2678071873479847,
            "Byte-63": 0.44992583853080476,
            "Byte-64": 0.47762247894886567,
            "Byte-65": 0.3645292853428549,
            "Byte-66": 0.3356978963911827,
            "Byte-67": 0.3568883102272552,
            "Byte-68": 0.40929537886280415,
            "Byte-69": 0.3399117395653171,
            "Byte-70": 0.42473782826783363,
            "Byte-71": 0.4031730020712707,
            "Byte-72": 0.3700867243479096,
            "Byte-73": 0.3150377609003037,
            "Byte-74": 0.38285024500898224,
            "Byte-75": 0.2122750326190898,
            "Byte-76": 0.2944182528299151,
            "Byte-77": 0.25799934349739895,
            "Byte-78": 0.26195698970297926,
            "Byte-79": 0.26852571277814113,
            "Byte-80": 0.2725828309795294,
            "Byte-81": 0.22956737266839303,
            "Byte-82": 0.264417252442224,
            "Byte-83": 0.3001734202705175,
            "Byte-84": 0.31006803068721134,
            "Byte-85": 0.41826155205901294,
            "Byte-86": 0.24898446241414984,
            "Byte-87": 0.24037519961322004,
            "Byte-88": 0.2612513715152028,
            "Byte-89": 0.2422590593429421,
            "Byte-90": 0.24156075977267738,
            "Byte-91": 0.23908130812121853,
            "Byte-92": 0.3722555685221371,
            "Byte-93": 0.24677957199328973,
            "Byte-94": 0.24347110764962923,
            "Byte-95": 0.38418642886209,
            "Byte-96": 0.2979863123815312,
            "Byte-97": 0.4201575642048387,
            "Byte-98": 0.28909970055734757,
            "Byte-99": 0.3878928099227048,
            "Byte-100": 0.5188366484986067,
            "Byte-101": 0.48219380392133004,
            "Byte-102": 0.3853138228653775,
            "Byte-103": 0.35404516917036116,
            "Byte-104": 0.3324211114990559,
            "Byte-105": 0.44658525091762113,
            "Byte-106": 0.2298537819810612,
            "Byte-107": 0.2848374020946554,
            "Byte-108": 0.3627904602312593,
            "Byte-109": 0.3834680418291382,
            "Byte-110": 0.4489135944026588,
            "Byte-111": 0.48268497905869157,
            "Byte-112": 0.3346142905703058,
            "Byte-113": 0.23623839653202408,
            "Byte-114": 0.40904382120541904,
            "Byte-115": 0.44622597865735963,
            "Byte-116": 0.4453261890401269,
            "Byte-117": 0.33376261405048946,
            "Byte-118": 0.2684135016977063,
            "Byte-119": 0.2737749046913917,
            "Byte-120": 0.2653243737236954,
            "Byte-121": 0.2648626110344722,
            "Byte-122": 0.2138195171703473,
            "Byte-123": 0.19629910010765347,
            "Byte-124": 0.19642516144086275,
            "Byte-125": 0.2087837433278651,
            "Byte-126": 0.18228329146352334,
            "Byte-127": 0.21199509040464534,
            "Byte-128": 0.43020274871480063,
            "Byte-129": 0.23623752363768108,
            "Byte-130": 0.21941618727401913,
            "Byte-131": 0.2319873762149806,
            "Byte-132": 0.23219607891852087,
            "Byte-133": 0.24869695319196114,
            "Byte-134": 0.21790211397043893,
            "Byte-135": 0.20610776338941994,
            "Byte-136": 0.22253539719722187,
            "Byte-137": 0.3042892645933236,
            "Byte-138": 0.20473807640326963,
            "Byte-139": 0.2607290596194151,
            "Byte-140": 0.21839008811481017,
            "Byte-141": 0.25534919633310776,
            "Byte-142": 0.20425986145667624,
            "Byte-143": 0.207230486419811,
            "Byte-144": 0.23767051848794263,
            "Byte-145": 0.1985817382049978,
            "Byte-146": 0.20223840380192215,
            "Byte-147": 0.2068702733230317,
            "Byte-148": 0.2038174323922185,
            "Byte-149": 0.1915759583064372,
            "Byte-150": 0.19258482460300586,
            "Byte-151": 0.19419938292742345,
            "Byte-152": 0.2251370514892554,
            "Byte-153": 0.22220486569857645,
            "Byte-154": 0.21672045931324532,
            "Byte-155": 0.18846154294850057,
            "Byte-156": 0.19056433905832354,
            "Byte-157": 0.19386720896063803,
            "Byte-158": 0.1925305921726355,
            "Byte-159": 0.20267502668363038,
            "Byte-160": 0.25044947915906235,
            "Byte-161": 0.2214070551189194,
            "Byte-162": 0.19417945258412544,
            "Byte-163": 0.2084376323275608,
            "Byte-164": 0.23804796399385827,
            "Byte-165": 0.22298096352272792,
            "Byte-166": 0.22044828735983754,
            "Byte-167": 0.2231379792910814,
            "Byte-168": 0.21277962810563028,
            "Byte-169": 0.19482189226597368,
            "Byte-170": 0.2145486428625707,
            "Byte-171": 0.193138526361774,
            "Byte-172": 0.19786432843233462,
            "Byte-173": 0.19642474989651718,
            "Byte-174": 0.18302901105641775,
            "Byte-175": 0.19896512030507635,
            "Byte-176": 0.23759162576558146,
            "Byte-177": 0.20970490107629328,