{
    "property": [
        {
            "companding": "True",
            "compandingAlgorithm": "A-law"
        }
    ],
    "BFA Signatures": [
        {
            "Byte-0": 0.8494502553069495,
            "Byte-1": 0.5455405225616837,
            "Byte-2": 0.4777216321034504,
            "Byte-3": 0.41800875413029914,
            "Byte-4": 0.37626848313874767,
            "Byte-5": 0.33214512770803406,
            "Byte-6": 0.28469363530904407,
            "Byte-7": 0.2546786719292472,
            "Byte-8": 0.21932735142150606,
            "Byte-9": 0.20725363221600185,
            "Byte-10": 0.18144484435651786,
            "Byte-11": 0.1726480175437704,
            "Byte-12": 0.18637725398176835,
            "Byte-13": 0.17103885018188908,
            "Byte-14": 0.18669897608640934,
            "Byte-15": 0.19463482969947363,
            "Byte-16": 0.20812248445764225,
            "Byte-17": 0.16819385900641354,
            "Byte-18": 0.14657148155757502,
            "Byte-19": 0.14370382854844072,
            "Byte-20": 0.2442063846548084,
            "Byte-21": 0.11988506708276853,
            "Byte-22": 0.13794859539762963,
            "Byte-23": 0.11845629319552617,
            "Byte-24": 0.2573335629164023,
            "Byte-25": 0.1089315029641589,
            "Byte-26": 0.11214093047431849,
            "Byte-27": 0.12576942226774715,
            "Byte-28": 0.2217283588332843,
            "Byte-29": 0.10683630898017546,
            "Byte-30": 0.11402405575442331,
            "Byte-31": 0.1671667800220369,
            "Byte-32": 0.22049842165188882,
            "Byte-33": 0.12770748595969825,
            "Byte-34": 0.13376053754396855,
            "Byte-35": 0.11643493683393763,
            "Byte-36": 0.1541761900692629,
            "Byte-37": 0.1107052800087785,
            "Byte-38": 0.08552562604941007,
            "Byte-39": 0.09278943618783833,
            "Byte-40": 0.1121132371165386,
            "Byte-41": 0.08449466101273627,
            "Byte-42": 0.08310267767206576,
            "Byte-43": 0.07645360577127948,
            "Byte-44": 0.16684131888653225,
            "Byte-45": 0.0821543860300022,
            "Byte-46": 0.08791831518514892,
            "Byte-47": 0.09300567881722117,
            "Byte-48": 0.14895399393507538,
            "Byte-49": 0.11309018652119092,
            "Byte-50": 0.10746550563230181,
            "Byte-51": 0.10107900868779732,
            "Byte-52": 0.12565605101266744,
            "Byte-53": 0.08841661763062211,
            "Byte-54": 0.10038349214155563,
            "Byte-55": 0.08271581312046053,
            "Byte-56": 0.10875619330403036,
            "Byte-57": 0.07837197663712692,
            "Byte-58": 0.0669208085814088,
            "Byte-59": 0.08020941594928657,
            "Byte-60": 0.1250761195064929,
            "Byte-61": 0.07689750705214314,
            "Byte-62": 0.08335948985725408,
            "Byte-63": 0.169284224701984,
            "Byte-64": 0.17617586002403368,
            "Byte-65": 0.17429956073126218,
            "Byte-66": 0.1489577633633712,
            "Byte-67": 0.10307995389040137,
            "Byte-68": 0.14729095145764776,
            "Byte-69": 0.0995229242117596,
            "Byte-70": 0.12933968671288668,
            "Byte-71": 0.10088997109924315,
            "Byte-72": 0.1159238113854188,
            "Byte-73": 0.08828375566109029,
            "Byte-74": 0.1133451931298903,
            "Byte-75": 0.14286471426009273,
            "Byte-76": 0.11646783023491872,
            "Byte-77": 0.07427711741927703,
            "Byte-78": 0.10249972192471682,
            "Byte-79": 0.08769795687329038,
            "Byte-80": 0.11098074756889482,
            "Byte-81": 0.09593506998282837,
            "Byte-82": 0.11793825167403418,
            "Byte-83": 0.08916083302686031,
            "Byte-84": 0.11974648905915998,
            "Byte-85": 0.08445054464681362,
            "Byte-86": 0.1130284276638387,
            "Byte-87": 0.09112188310995134,
            "Byte-88": 0.11014656844234058,
            "Byte-89": 0.10204827162117651,
            "Byte-90": 0.1113469479842792,
            "Byte-91": 0.09833536768582354,
            "Byte-92": 0.10920833163370469,
            "Byte-93": 0.09387977297240088,
            "Byte-94": 0.11744481911535046,
            "Byte-95": 0.09951993017597552,
            "Byte-96": 0.13081975984980848,
            "Byte-97": 0.11511581037131502,
            "Byte-98": 0.11449078439479136,
            "Byte-99": 0.12841407588486892,
            "Byte-100": 0.12002907986057543,
            "Byte-101": 0.12311195898949794,
            "Byte-102": 0.11886387343014496,
            "Byte-103": 0.1212517678220306,
            "Byte-104": 0.129567209224005,
            "Byte-105": 0.1265296615362973,
            "Byte-106": 0.20740705038123258,
            "Byte-107": 0.13551804494840936,
            "Byte-108": 0.1437514707935612,
            "Byte-109": 0.15402526975713485,
            "Byte-110": 0.15792606876347431,
            "Byte-111": 0.16707256101745221,
            "Byte-112": 0.17357759118553728,
            "Byte-113": 0.17693435331333823,
            "Byte-114": 0.20577264446825896,
            "Byte-115": 0.20842577733341403,
            "Byte-116": 0.2448417726888727,
            "Byte-117": 0.2529953301164497,
            "Byte-118": 0.2936094576782362,
            "Byte-119": 0.3127620592663412,
            "Byte-120": 0.344081880622498,
            "Byte-121": 0.38652339333421576,
            "Byte-122": 0.44269385892715696,
            "Byte-123": 0.5102346831398242,
            "Byte-124": 0.567506069286486,
            "Byte-125": 0.6449571988017992,
            "Byte-126": 0.7529702225620636,
            "Byte-127": 0.9382551380637413,
            "Byte-128": 0.997913540189168,
            "Byte-129": 0.7395738752955063,
            "Byte-130": 0.6237130277257075,
            "Byte-131": 0.5537804883253508,
            "Byte-132": 0.48437074347663855,
            "Byte-133": 0.41415076360867287,
            "Byte-134": 0.3656171407365432,
            "Byte-135": 0.3300070416230486,
            "Byte-136": 0.3048461182898963,
            "Byte-137": 0.27012360891662157,
            "Byte-138": 0.27378397538546084,
            "Byte-139": 0.23131127440696125,
            "Byte-140": 0.2044722414313295,
            "Byte-141": 0.20918181363272448,
            "Byte-142": 0.18301906151307848,
            "Byte-143": 0.18498266692348087,
            "Byte-144": 0.1668199760592803,
            "Byte-145": 0.15525824753888975,
            "Byte-146": 0.1616041695758304,
            "Byte-147": 0.142281424576177,
            "Byte-148": 0.14742904032712878,
            "Byte-149": 0.1417368130200903,
            "Byte-150": 0.19271384392454793,
            "Byte-151": 0.1514277506169064,
            "Byte-152": 0.13088244665491228,
            "Byte-153": 0.13377721505465,
            "Byte-154": 0.12591118311880306,
            "Byte-155": 0.1248921851621527,
            "Byte-156": 0.13345922033297924,
            "Byte-157": 0.12203199751273958,
            "Byte-158": 0.13348949838465954,
            "Byte-159": 0.1216898512610333,
            "Byte-160": 0.10524709805586771,
            "Byte-161": 0.1281256211357466,
            "Byte-162": 0.1011422567764883,
            "Byte-163": 0.12283722998494069,
            "Byte-164": 0.09798853446206045,
            "Byte-165": 0.11045783947320689,
            "Byte-166": 0.09772064877930438,
            "Byte-167": 0.1077126121409954,
            "Byte-168": 0.1013244419080963,
            "Byte-169": 0.10944767150830732,
            "Byte-170": 0.08151444525889752,
            "Byte-171": 0.10902805340964691,
            "Byte-172": 0.08077921611404572,
            "Byte-173": 0.11365858844065191,
            "Byte-174": 0.07810369185041784,
            "Byte-175": 0.10047518060043616,
            "Byte-176": 0.09168420537598307,
            "Byte-177": 0.08615887224271387,