{
    "property": [
        {
            "companding": "True",
            "compandingAlgorithm": "A-law"
        }
    ],
    "BFA Signatures": [
        {
            "Byte-0": 1.0,
            "Byte-1": 0.7297558672592079,
            "Byte-2": 0.6700207172407973,
            "Byte-3": 0.6856678508337224,
            "Byte-4": 0.6639523115400296,
            "Byte-5": 0.6496049252977211,
            "Byte-6": 0.6387525429370765,
            "Byte-7": 0.6640436176854176,
            "Byte-8": 0.6369443202984335,
            "Byte-9": 0.6536353825111721,
            "Byte-10": 0.6684022993840412,
            "Byte-11": 0.6253393081697668,
            "Byte-12": 0.6794756216593647,
            "Byte-13": 0.6374431024533471,
            "Byte-14": 0.643536160469668,
            "Byte-15": 0.6502882765569844,
            "Byte-16": 0.6241296153476099,
            "Byte-17": 0.6520709319506277,
            "Byte-18": 0.641534361058696,
            "Byte-19": 0.6247448621256061,
            "Byte-20": 0.6892830190504714,
            "Byte-21": 0.6655403952922689,
            "Byte-22": 0.6355046635754827,
            "Byte-23": 0.618940744400473,
            "Byte-24": 0.6493776450381701,
            "Byte-25": 0.6472933502595368,
            "Byte-26": 0.6526038012808788,
            "Byte-27": 0.6480916684145501,
            "Byte-28": 0.6640641833777039,
            "Byte-29": 0.6545762167267963,
            "Byte-30": 0.6587563149129183,
            "Byte-31": 0.6741884002622723,
            "Byte-32": 0.9516263782983084,
            "Byte-33": 0.6189672175553083,
            "Byte-34": 0.6623873073338153,
            "Byte-35": 0.6731356812198463,
            "Byte-36": 0.6855754250620432,
            "Byte-37": 0.6426746173740964,
            "Byte-38": 0.6280769072720185,
            "Byte-39": 0.6513673278030154,
            "Byte-40": 0.6774721734356781,
            "Byte-41": 0.656842850752596,
            "Byte-42": 0.6704131024958817,
            "Byte-43": 0.6616952141910516,
            "Byte-44": 0.6540765464775651,
            "Byte-45": 0.6674615690624871,
            "Byte-46": 0.6669582242846246,
            "Byte-47": 0.6545351590160262,
            "Byte-48": 0.650696092265065,
            "Byte-49": 0.6846013942777474,
            "Byte-50": 0.6783944031234115,
            "Byte-51": 0.6485550224793057,
            "Byte-52": 0.6739266424059448,
            "Byte-53": 0.6762059201726063,
            "Byte-54": 0.6641444685141538,
            "Byte-55": 0.6528166177064494,
            "Byte-56": 0.6704518569338207,
            "Byte-57": 0.6668458278485914,
            "Byte-58": 0.6881795528819413,
            "Byte-59": 0.6455826367906925,
            "Byte-60": 0.6831245641398814,
            "Byte-61": 0.6754426835355856,
            "Byte-62": 0.6778852890941067,
            "Byte-63": 0.6814188264855151,
            "Byte-64": 0.6500226086101379,
            "Byte-65": 0.6533875489299465,
            "Byte-66": 0.636477712606852,
            "Byte-67": 0.6475663025554015,
            "Byte-68": 0.6281606183428078,
            "Byte-69": 0.6854879745677201,
            "Byte-70": 0.6719699251148162,
            "Byte-71": 0.6707237538033256,
            "Byte-72": 0.6662557344873176,
            "Byte-73": 0.6989424825622348,
            "Byte-74": 0.6679026656193519,
            "Byte-75": 0.6593048951834688,
            "Byte-76": 0.6237870017688931,
            "Byte-77": 0.6724333615319134,
            "Byte-78": 0.6535299892163027,
            "Byte-79": 0.6803527479926782,
            "Byte-80": 0.6562289178565299,
            "Byte-81": 0.678365640263261,
            "Byte-82": 0.6835624536037125,
            "Byte-83": 0.6655987826870158,
            "Byte-84": 0.6658107306924723,
            "Byte-85": 0.6807209541343117,
            "Byte-86": 0.6715425737468979,
            "Byte-87": 0.6703693610104324,
            "Byte-88": 0.6507868464325101,
            "Byte-89": 0.6521277080694521,
            "Byte-90": 0.6780499196959328,
            "Byte-91": 0.6700739801100313,
            "Byte-92": 0.6550252768339361,
            "Byte-93": 0.6546342908786447,
            "Byte-94": 0.6499945884063368,
            "Byte-95": 0.6500037198193594,
            "Byte-96": 0.610083180379062,
            "Byte-97": 0.6629824352367054,
            "Byte-98": 0.6523487850643914,
            "Byte-99": 0.704956571396232,
            "Byte-100": 0.6798956368875372,
            "Byte-101": 0.7138987473069451,
            "Byte-102": 0.6544990136300302,
            "Byte-103": 0.6589353531088363,
            "Byte-104": 0.6584241112604763,
            "Byte-105": 0.7193277005086688,
            "Byte-106": 0.6699284729053478,
            "Byte-107": 0.6904234983475435,
            "Byte-108": 0.6646533333727846,
            "Byte-109": 0.7055116561111134,
            "Byte-110": 0.7021824788859783,
            "Byte-111": 0.7060831156534514,
            "Byte-112": 0.6701123921962548,
            "Byte-113": 0.6795488489574515,
            "Byte-114": 0.6952905242883414,
            "Byte-115": 0.6962729429935434,
            "Byte-116": 0.7039361812400847,
            "Byte-117": 0.6871188029163791,
            "Byte-118": 0.6640362622844254,
            "Byte-119": 0.654488787958347,
            "Byte-120": 0.6722416215484199,
            "Byte-121": 0.6609995148814412,
            "Byte-122": 0.6592519897014382,
            "Byte-123": 0.6636096140288168,
            "Byte-124": 0.6378238554101414,
            "Byte-125": 0.6571213971882272,
            "Byte-126": 0.6529070557303255,
            "Byte-127": 0.6858687351663678,
            "Byte-128": 0.6481950508463115,
            "Byte-129": 0.6236625638880078,
            "Byte-130": 0.6334865592250973,
            "Byte-131": 0.6262297942988067,
            "Byte-132": 0.607559216962857,
            "Byte-133": 0.6327546947871663,
            "Byte-134": 0.643146937582869,
            "Byte-135": 0.6321144427863463,
            "Byte-136": 0.6248245102662209,
            "Byte-137": 0.6337547948892198,
            "Byte-138": 0.6985757184501269,
            "Byte-139": 0.6306519205531722,
            "Byte-140": 0.6609330155432412,
            "Byte-141": 0.6622506213638881,
            "Byte-142": 0.6778303580045985,
            "Byte-143": 0.6752167237627391,
            "Byte-144": 0.6404259586302357,
            "Byte-145": 0.6676435334187372,
            "Byte-146": 0.6888396036844723,
            "Byte-147": 0.6549678574248523,
            "Byte-148": 0.6439815081557949,
            "Byte-149": 0.6698568746610212,
            "Byte-150": 0.6707133517312555,
            "Byte-151": 0.6475366150822489,
            "Byte-152": 0.6197995913626191,
            "Byte-153": 0.6315868709927535,
            "Byte-154": 0.6709184627773703,
            "Byte-155": 0.6383062431106814,
            "Byte-156": 0.6409470226723329,
            "Byte-157": 0.6423070607722241,
            "Byte-158": 0.6665126207856121,
            "Byte-159": 0.668073898326574,
            "Byte-160": 0.6465522302600799,
            "Byte-161": 0.6325419650858652,
            "Byte-162": 0.662965182945388,
            "Byte-163": 0.6571269808443653,
            "Byte-164": 0.6669869895693431,
            "Byte-165": 0.6830966683698162,
            "Byte-166": 0.6579398072094654,
            "Byte-167": 0.6829904486092627,
            "Byte-168": 0.6583257488751628,
            "Byte-169": 0.6754602006866477,
            "Byte-170": 0.6643404070294944,
            "Byte-171": 0.6732554117236362,
            "Byte-172": 0.648225792117612,
            "Byte-173": 0.6865504737794418,
            "Byte-174": 0.6685615310263509,
            "Byte-175": 0.6749186440836367,
            "Byte-176": 0.6138455108587133,
            "Byte-177": 0.6621224596542226,
            "Byte-178": 0.6483279772132218,
            "Byte-179": 0.6402543432938755,
            "Byte-180": 0.6685357332387653,