{
    "property": [
        {
            "companding": "True",
            "compandingAlgorithm": "A-law"
        }
    ],
    "BFA Signatures": [
        {
            "Byte-0": 1.0,
            "Byte-1": 0.7963405253995874,
            "Byte-2": 0.778326443891467,
            "Byte-3": 0.7820438731193107,
            "Byte-4": 0.781852094317348,
            "Byte-5": 0.7799518646577097,
            "Byte-6": 0.7880824559394697,
            "Byte-7": 0.7872137883338812,
            "Byte-8": 0.7931036480810332,
            "Byte-9": 0.7865012331457792,
            "Byte-10": 0.805954135264652,
            "Byte-11": 0.786100206822159,
            "Byte-12": 0.8018697222955529,
            "Byte-13": 0.7896093379030429,
            "Byte-14": 0.7789567514163229,
            "Byte-15": 0.7903872014564773,
            "Byte-16": 0.780921457632278,
            "Byte-17": 0.7764282855155877,
            "Byte-18": 0.7772503734668035,
            "Byte-19": 0.777643879174577,
            "Byte-20": 0.7807732660559243,
            "Byte-21": 0.7804539212877522,
            "Byte-22": 0.7811810547930913,
            "Byte-23": 0.7806487741823893,
            "Byte-24": 0.7886276953202674,
            "Byte-25": 0.7835178173784662,
            "Byte-26": 0.7807832648757932,
            "Byte-27": 0.7867665375537696,
            "Byte-28": 0.7780778218690414,
            "Byte-29": 0.7816065602083463,
            "Byte-30": 0.783042756089242,
            "Byte-31": 0.7919104921913132,
            "Byte-32": 0.931881623301454,
            "Byte-33": 0.7733825142383175,
            "Byte-34": 0.7891080647193484,
            "Byte-35": 0.7860980642371849,
            "Byte-36": 0.7916496051193621,
            "Byte-37": 0.778908065353865,
            "Byte-38": 0.779923796945548,
            "Byte-39": 0.7896314299109046,
            "Byte-40": 0.7769101907361458,
            "Byte-41": 0.7802524045693042,
            "Byte-42": 0.7778717401880386,
            "Byte-43": 0.7865740540656958,
            "Byte-44": 0.786462604776425,
            "Byte-45": 0.7924564128125093,
            "Byte-46": 0.7912005956674555,
            "Byte-47": 0.7885859253782005,
            "Byte-48": 0.8009609000008197,
            "Byte-49": 0.8085360447746401,
            "Byte-50": 0.7943473767702002,
            "Byte-51": 0.7928059511608737,
            "Byte-52": 0.787777877491846,
            "Byte-53": 0.7962770238119596,
            "Byte-54": 0.7924647291362988,
            "Byte-55": 0.7985886424331128,
            "Byte-56": 0.7925628097283564,
            "Byte-57": 0.7900506607661573,
            "Byte-58": 0.7780077727747348,
            "Byte-59": 0.7884434644344449,
            "Byte-60": 0.7916372814840487,
            "Byte-61": 0.7844346664543107,
            "Byte-62": 0.7906316279261284,
            "Byte-63": 0.7948552772544214,
            "Byte-64": 0.7766848496941179,
            "Byte-65": 0.7803102899398826,
            "Byte-66": 0.7741655821700717,
            "Byte-67": 0.7860202189501182,
            "Byte-68": 0.7895231169618933,
            "Byte-69": 0.786808008469438,
            "Byte-70": 0.788039282984307,
            "Byte-71": 0.7928099257129677,
            "Byte-72": 0.7829148004153377,
            "Byte-73": 0.7939290363517479,
            "Byte-74": 0.7757285368457008,
            "Byte-75": 0.7848154826683329,
            "Byte-76": 0.7832194618267883,
            "Byte-77": 0.7893590083247104,
            "Byte-78": 0.7890176070691112,
            "Byte-79": 0.7970418351439659,
            "Byte-80": 0.7787329997604577,
            "Byte-81": 0.7787345786868117,
            "Byte-82": 0.7866476704822958,
            "Byte-83": 0.7915879056050014,
            "Byte-84": 0.7855480685016025,
            "Byte-85": 0.7884034955332144,
            "Byte-86": 0.7908957728602607,
            "Byte-87": 0.7872238472112713,
            "Byte-88": 0.7891020228569705,
            "Byte-89": 0.7796541548903704,
            "Byte-90": 0.7790786535179239,
            "Byte-91": 0.7851776114325499,
            "Byte-92": 0.7780811532528225,
            "Byte-93": 0.7817053449579519,
            "Byte-94": 0.7862721227874384,
            "Byte-95": 0.7933178638133607,
            "Byte-96": 0.7798408901192715,
            "Byte-97": 0.8393917208131114,
            "Byte-98": 0.7892355152012974,
            "Byte-99": 0.834100799054099,
            "Byte-100": 0.8084139758952018,
            "Byte-101": 0.8775645033314168,
            "Byte-102": 0.8014985031567816,
            "Byte-103": 0.8030908466828541,
            "Byte-104": 0.805678307291072,
            "Byte-105": 0.8422049304278896,
            "Byte-106": 0.7815553838496805,
            "Byte-107": 0.8006005842730866,
            "Byte-108": 0.8320701799212759,
            "Byte-109": 0.8153019270683908,
            "Byte-110": 0.842158043154736,
            "Byte-111": 0.8573664684359086,
            "Byte-112": 0.8074775593785053,
            "Byte-113": 0.7847770823116395,
            "Byte-114": 0.8393686617109304,
            "Byte-115": 0.8268539493524225,
            "Byte-116": 0.8559333112628458,
            "Byte-117": 0.8091333054012884,
            "Byte-118": 0.7968574056058502,
            "Byte-119": 0.7971437903180965,
            "Byte-120": 0.794574222557778,
            "Byte-121": 0.801607413855425,
            "Byte-122": 0.781253802657683,
            "Byte-123": 0.7869224339823303,
            "Byte-124": 0.7940077242826136,
            "Byte-125": 0.7863093738325128,
            "Byte-126": 0.7931980171726171,
            "Byte-127": 0.799279404174394,
            "Byte-128": 0.7731779254335869,
            "Byte-129": 0.7726591999534849,
            "Byte-130": 0.7788080747886292,
            "Byte-131": 0.7841021272213371,
            "Byte-132": 0.7763766092412456,
            "Byte-133": 0.7794392689240566,
            "Byte-134": 0.7796284415269529,
            "Byte-135": 0.7816098047099074,
            "Byte-136": 0.7733698769412646,
            "Byte-137": 0.7819054745655938,
            "Byte-138": 0.7784405177702035,
            "Byte-139": 0.7961171261374556,
            "Byte-140": 0.787829511057163,
            "Byte-141": 0.7918459366600952,
            "Byte-142": 0.7813413271454865,
            "Byte-143": 0.7879975447725212,
            "Byte-144": 0.7801701126543452,
            "Byte-145": 0.7830235926165385,
            "Byte-146": 0.7843981135121267,
            "Byte-147": 0.7873551085963817,
            "Byte-148": 0.7760101742069863,
            "Byte-149": 0.7809126804683046,
            "Byte-150": 0.7832453953204029,
            "Byte-151": 0.7827339315565028,
            "Byte-152": 0.7736294414251873,
            "Byte-153": 0.7779526623416855,
            "Byte-154": 0.7802772966352217,
            "Byte-155": 0.7840607556205885,
            "Byte-156": 0.7797987151603663,
            "Byte-157": 0.7820238912348452,
            "Byte-158": 0.7884227996196553,
            "Byte-159": 0.7927003840287223,
            "Byte-160": 0.7672955234071035,
            "Byte-161": 0.7735330587895359,
            "Byte-162": 0.7735958684942983,
            "Byte-163": 0.7813312421789216,
            "Byte-164": 0.7797049932284426,
            "Byte-165": 0.7761392692151438,
            "Byte-166": 0.7792664679178655,
            "Byte-167": 0.7853852081575962,
            "Byte-168": 0.7723816928887268,
            "Byte-169": 0.7767424644332589,
            "Byte-170": 0.7741901991840415,
            "Byte-171": 0.7814179861050199,
            "Byte-172": 0.7834717800175315,
            "Byte-173": 0.7830869696816655,
            "Byte-174": 0.779318560886094,
            "Byte-175": 0.7895132374982681,
            "Byte-176": 0.7814914548741401,
            "Byte-177": 0.7926742270563889,
            "Byte-178": 0.77788435186362,
            "Byte-179": 0.7793987896042748,
            "Byte-180": 0.7805092378298875,