{
    "property": [
        {
            "companding": "True",
            "compandingAlgorithm": "A-law"
        }
    ],
    "BFA Signatures": [
        {
            "Byte-0": 1.0,
            "Byte-1": 0.6755845475647948,
            "Byte-2": 0.5017720742002599,
            "Byte-3": 0.498619712881217,
            "Byte-4": 0.44395676127128286,
            "Byte-5": 0.445742328718745,
            "Byte-6": 0.4315412796126708,
            "Byte-7": 0.43097015625177126,
            "Byte-8": 0.5265365359918317,
            "Byte-9": 0.42178532898812426,
            "Byte-10": 0.42811399464054367,
            "Byte-11": 0.42627167871660177,
            "Byte-12": 0.41137896428004544,
            "Byte-13": 0.4096007260385682,
            "Byte-14": 0.41439285697300005,
            "Byte-15": 0.4503949627043832,
            "Byte-16": 0.4150719766122639,
            "Byte-17": 0.4089476628703624,
            "Byte-18": 0.4098041244877796,
            "Byte-19": 0.40533563105082365,
            "Byte-20": 0.4098190234188951,
            "Byte-21": 0.4107065985407159,
            "Byte-22": 0.4040910044089888,
            "Byte-23": 0.41378670268138085,
            "Byte-24": 0.404523536640374,
            "Byte-25": 0.4005159911344713,
            "Byte-26": 0.4026034471212064,
            "Byte-27": 0.4022374189972431,
            "Byte-28": 0.4030569507740108,
            "Byte-29": 0.4021778379375401,
            "Byte-30": 0.40085510754609377,
            "Byte-31": 0.4088111197195147,
            "Byte-32": 0.5112298572238978,
            "Byte-33": 0.42944320965049637,
            "Byte-34": 0.4114164073491597,
            "Byte-35": 0.40278359375016476,
            "Byte-36": 0.40343621049373285,
            "Byte-37": 0.40016825493703145,
            "Byte-38": 0.4022178205478886,
            "Byte-39": 0.40199882639248563,
            "Byte-40": 0.4050288525833302,
            "Byte-41": 0.39676750249147347,
            "Byte-42": 0.4055175516484927,
            "Byte-43": 0.4019277587647589,
            "Byte-44": 0.4025705254267562,
            "Byte-45": 0.40265373557176726,
            "Byte-46": 0.4111483956564468,
            "Byte-47": 0.41178387882650935,
            "Byte-48": 0.41484623807503074,
            "Byte-49": 0.405620082598225,
            "Byte-50": 0.40272209169973694,
            "Byte-51": 0.4004717601512958,
            "Byte-52": 0.4030101686486592,
            "Byte-53": 0.4056200414068033,
            "Byte-54": 0.4010382824539035,
            "Byte-55": 0.4049672266731322,
            "Byte-56": 0.4044388536997896,
            "Byte-57": 0.4002791097961209,
            "Byte-58": 0.41989679198083524,
            "Byte-59": 0.4001282212911084,
            "Byte-60": 0.4013950976531399,
            "Byte-61": 0.4058221728152598,
            "Byte-62": 0.40475016051793716,
            "Byte-63": 0.40965499648580794,
            "Byte-64": 0.40675281739562014,
            "Byte-65": 0.41852893338670116,
            "Byte-66": 0.4095756670381353,
            "Byte-67": 0.40010306864503076,
            "Byte-68": 0.42265231404302717,
            "Byte-69": 0.4018774586021199,
            "Byte-70": 0.40015962714564496,
            "Byte-71": 0.4075828925347951,
            "Byte-72": 0.40221886919093525,
            "Byte-73": 0.4012059758844694,
            "Byte-74": 0.40106048484765716,
            "Byte-75": 0.4015354568575957,
            "Byte-76": 0.40240829280658325,
            "Byte-77": 0.40652275846541563,
            "Byte-78": 0.40177593922379634,
            "Byte-79": 0.40682339215812247,
            "Byte-80": 0.40667087949313013,
            "Byte-81": 0.39997231481965967,
            "Byte-82": 0.4002712935222376,
            "Byte-83": 0.40089081381159586,
            "Byte-84": 0.40601889515191164,
            "Byte-85": 0.40843598652650803,
            "Byte-86": 0.4015802845508875,
            "Byte-87": 0.4085275015973793,
            "Byte-88": 0.40285213868464437,
            "Byte-89": 0.3981832115023083,
            "Byte-90": 0.40394350696012254,
            "Byte-91": 0.40220490092047456,
            "Byte-92": 0.4041593069988395,
            "Byte-93": 0.4058328924784275,
            "Byte-94": 0.4058637467944811,
            "Byte-95": 0.4161971199085589,
            "Byte-96": 0.4034139563818711,
            "Byte-97": 0.4097182399577648,
            "Byte-98": 0.39985943805942653,
            "Byte-99": 0.4041933855314007,
            "Byte-100": 0.41012325354897294,
            "Byte-101": 0.41279826696734945,
            "Byte-102": 0.40130327569665813,
            "Byte-103": 0.399634413982071,
            "Byte-104": 0.40197265291271833,
            "Byte-105": 0.40831278145283917,
            "Byte-106": 0.40149716624012327,
            "Byte-107": 0.4035308381773097,
            "Byte-108": 0.40335636318482565,
            "Byte-109": 0.41386820785639067,
            "Byte-110": 0.40876763204039246,
            "Byte-111": 0.41439825524492674,
            "Byte-112": 0.410498927208684,
            "Byte-113": 0.4007543475297595,
            "Byte-114": 0.4057139696852557,
            "Byte-115": 0.4124289086319234,
            "Byte-116": 0.4153113864207876,
            "Byte-117": 0.4065989694850607,
            "Byte-118": 0.41027424227001374,
            "Byte-119": 0.4114554335224139,
            "Byte-120": 0.40692373964275846,
            "Byte-121": 0.40174937638393493,
            "Byte-122": 0.40582644749422203,
            "Byte-123": 0.40778053834645533,
            "Byte-124": 0.40394167845753093,
            "Byte-125": 0.4080945776332868,
            "Byte-126": 0.40735995496667904,
            "Byte-127": 0.42687028820577405,
            "Byte-128": 0.41166690934379646,
            "Byte-129": 0.40346647973907696,
            "Byte-130": 0.40657451491447266,
            "Byte-131": 0.4002449232830713,
            "Byte-132": 0.40490007135972267,
            "Byte-133": 0.40160318143907825,
            "Byte-134": 0.39716571299979797,
            "Byte-135": 0.40077836518731136,
            "Byte-136": 0.4013520012975046,
            "Byte-137": 0.3987103199871863,
            "Byte-138": 0.4004733670891104,
            "Byte-139": 0.39920046783855234,
            "Byte-140": 0.3989147990084957,
            "Byte-141": 0.3989100929935889,
            "Byte-142": 0.3994751333932002,
            "Byte-143": 0.4110720804412766,
            "Byte-144": 0.4098784852321218,
            "Byte-145": 0.3966823515384972,
            "Byte-146": 0.39690798203109035,
            "Byte-147": 0.40103417120739515,
            "Byte-148": 0.39896920892792015,
            "Byte-149": 0.40015332521732955,
            "Byte-150": 0.3989786549745399,
            "Byte-151": 0.404846703870165,
            "Byte-152": 0.39926310864943315,
            "Byte-153": 0.3983707378003028,
            "Byte-154": 0.40671080209116695,
            "Byte-155": 0.40242960270178874,
            "Byte-156": 0.39828569302566724,
            "Byte-157": 0.3990796899715581,
            "Byte-158": 0.4105558115404695,
            "Byte-159": 0.4094108660044801,
            "Byte-160": 0.4470496519199605,
            "Byte-161": 0.40369749601159594,
            "Byte-162": 0.401010224251999,
            "Byte-163": 0.40005801430880095,
            "Byte-164": 0.39998801448849647,
            "Byte-165": 0.4014715453781045,
            "Byte-166": 0.4019164689946619,
            "Byte-167": 0.40835663958004814,
            "Byte-168": 0.4032802960542793,
            "Byte-169": 0.40263690509940375,
            "Byte-170": 0.40828724092346264,
            "Byte-171": 0.4086414259740346,
            "Byte-172": 0.39931885793190675,
            "Byte-173": 0.40508708387742925,
            "Byte-174": 0.4049214044659034,
            "Byte-175": 0.41791510416983746,
            "Byte-176": 0.40099941583198784,
            "Byte-177": 0.3988020020254494,
            "Byte-178": 0.39679999534692373,