{
    "property": [
        {
            "companding": "True",
            "compandingAlgorithm": "A-law"
        }
    ],
    "BFA Signatures": [
        {
            "Byte-0": 0.8689165960011597,
            "Byte-1": 0.8783824157446175,
            "Byte-2": 0.8859124618971278,
            "Byte-3": 0.8757618474328186,
            "Byte-4": 0.8912253476551762,
            "Byte-5": 0.8808492924780132,
            "Byte-6": 0.872920442036243,
            "Byte-7": 0.8798548143190711,
            "Byte-8": 0.889619838185072,
            "Byte-9": 0.8762411203358058,
            "Byte-10": 0.9186583653725966,
            "Byte-11": 0.8863092463927026,
            "Byte-12": 0.8800892891767251,
            "Byte-13": 0.87492007757562,
            "Byte-14": 0.8782641156369746,
            "Byte-15": 0.8843166306247118,
            "Byte-16": 0.8829375849451092,
            "Byte-17": 0.8737108007944778,
            "Byte-18": 0.8854010235833037,
            "Byte-19": 0.8675413190420754,
            "Byte-20": 0.883570942350309,
            "Byte-21": 0.8817803655679038,
            "Byte-22": 0.8855148139027689,
            "Byte-23": 0.8850022598000455,
            "Byte-24": 0.8804404592199037,
            "Byte-25": 0.8738927076424852,
            "Byte-26": 0.8800892891767251,
            "Byte-27": 0.8818964116281877,
            "Byte-28": 0.8742559572795818,
            "Byte-29": 0.8797374429282171,
            "Byte-30": 0.8906180173397128,
            "Byte-31": 0.8927075612339961,
            "Byte-32": 1.0,
            "Byte-33": 0.87731490470977,
            "Byte-34": 0.8786188075969039,
            "Byte-35": 0.8824755804350983,
            "Byte-36": 0.8788548728838673,
            "Byte-37": 0.8825333819763979,
            "Byte-38": 0.8707754334300845,
            "Byte-39": 0.8824177398761176,
            "Byte-40": 0.8878878640977265,
            "Byte-41": 0.8755217279764445,
            "Byte-42": 0.8821862358796213,
            "Byte-43": 0.8895642158286446,
            "Byte-44": 0.8822441290087799,
            "Byte-45": 0.8791495368095076,
            "Byte-46": 0.8786188075969039,
            "Byte-47": 0.9231100872550861,
            "Byte-48": 0.9815636729728416,
            "Byte-49": 0.8883364011434833,
            "Byte-50": 0.8897310122138178,
            "Byte-51": 0.8933079972471314,
            "Byte-52": 0.8926528710505434,
            "Byte-53": 0.8988893693476405,
            "Byte-54": 0.896119993282861,
            "Byte-55": 0.8987836317805223,
            "Byte-56": 0.8844882638883163,
            "Byte-57": 0.890285889843024,
            "Byte-58": 0.8790317324782042,
            "Byte-59": 0.8872693198031778,
            "Byte-60": 0.8928168729373129,
            "Byte-61": 0.8840301684997928,
            "Byte-62": 0.890285889843024,
            "Byte-63": 0.8956363791742773,
            "Byte-64": 0.877790126545586,
            "Byte-65": 0.873224835914185,
            "Byte-66": 0.8951515010118622,
            "Byte-67": 0.8824755804350983,
            "Byte-68": 0.8826489716359671,
            "Byte-69": 0.8843166306247118,
            "Byte-70": 0.8848881701887275,
            "Byte-71": 0.8910047445449991,
            "Byte-72": 0.8795612864659863,
            "Byte-73": 0.8790906546917187,
            "Byte-74": 0.876061537600094,
            "Byte-75": 0.8809076315843942,
            "Byte-76": 0.8794437263158881,
            "Byte-77": 0.8793849389393177,
            "Byte-78": 0.8834559346407149,
            "Byte-79": 0.881315422064563,
            "Byte-80": 0.8850592881181468,
            "Byte-81": 0.8798548143190711,
            "Byte-82": 0.8903412929818975,
            "Byte-83": 0.8790317324782042,
            "Byte-84": 0.8923792135808365,
            "Byte-85": 0.8912253476551762,
            "Byte-86": 0.8824177398761176,
            "Byte-87": 0.8863658683140955,
            "Byte-88": 0.8856853259045854,
            "Byte-89": 0.8842020914507118,
            "Byte-90": 0.8897865838268124,
            "Byte-91": 0.8818964116281877,
            "Byte-92": 0.8763607370386953,
            "Byte-93": 0.8900641489026502,
            "Byte-94": 0.8919954072036477,
            "Byte-95": 0.8921599999914744,
            "Byte-96": 0.8805573591021376,
            "Byte-97": 0.8973500864471577,
            "Byte-98": 0.891720762556448,
            "Byte-99": 0.8915007373944189,
            "Byte-100": 0.8850592881181468,
            "Byte-101": 0.9168947593298893,
            "Byte-102": 0.8704051690239548,
            "Byte-103": 0.8840301684997928,
            "Byte-104": 0.8908943232454699,
            "Byte-105": 0.8959589307590681,
            "Byte-106": 0.8983600495716598,
            "Byte-107": 0.8792672863269614,
            "Byte-108": 0.8774338207641461,
            "Byte-109": 0.8789138521474089,
            "Byte-110": 0.9061432691314644,
            "Byte-111": 0.9175640611279384,
            "Byte-112": 0.8818384082071036,
            "Byte-113": 0.8751007851127114,
            "Byte-114": 0.8918855831325404,
            "Byte-115": 0.8890629311590731,
            "Byte-116": 0.9038943551983958,
            "Byte-117": 0.8829375849451092,
            "Byte-118": 0.8827644675321616,
            "Byte-119": 0.8885602474283705,
            "Byte-120": 0.8937434402544376,
            "Byte-121": 0.8887838398407757,
            "Byte-122": 0.8855716621274179,
            "Byte-123": 0.8893415968417463,
            "Byte-124": 0.8825911859463899,
            "Byte-125": 0.8821862358796213,
            "Byte-126": 0.8885602474283705,
            "Byte-127": 0.8892858897087138,
            "Byte-128": 0.8765400261008405,
            "Byte-129": 0.8767191394152372,
            "Byte-130": 0.8668497905898157,
            "Byte-131": 0.8758218119083772,
            "Byte-132": 0.8779087338269235,
            "Byte-133": 0.889619838185072,
            "Byte-134": 0.8759417248057438,
            "Byte-135": 0.8840875009717327,
            "Byte-136": 0.8716978031690643,
            "Byte-137": 0.8741349542867161,
            "Byte-138": 0.887100260034356,
            "Byte-139": 0.8776120605036521,
            "Byte-140": 0.8823598810019846,
            "Byte-141": 0.8697864042694943,
            "Byte-142": 0.8738927076424852,
            "Byte-143": 0.8847168918586896,
            "Byte-144": 0.8682927499612708,
            "Byte-145": 0.875401560584021,
            "Byte-146": 0.883110538496024,
            "Byte-147": 0.8830528986150264,
            "Byte-148": 0.8811407601795065,
            "Byte-149": 0.8850022598000455,
            "Byte-150": 0.8812572338912048,
            "Byte-151": 0.8877193759187729,
            "Byte-152": 0.8782049262437505,
            "Byte-153": 0.8712679477184754,
            "Byte-154": 0.8815480521123233,
            "Byte-155": 0.8694141282361171,
            "Byte-156": 0.8820124048082784,
            "Byte-157": 0.8867616705158239,
            "Byte-158": 0.8891744444407365,
            "Byte-159": 0.8838581041992778,
            "Byte-160": 0.8695383082475439,
            "Byte-161": 0.8907285858842497,
            "Byte-162": 0.8910599104117874,
            "Byte-163": 0.8840875009717327,
            "Byte-164": 0.8713908636383891,
            "Byte-165": 0.8876069708071648,
            "Byte-166": 0.87731490470977,
            "Byte-167": 0.883110538496024,
            "Byte-168": 0.8757018417688816,
            "Byte-169": 0.8799134507408587,
            "Byte-170": 0.8836858571343172,
            "Byte-171": 0.8869310437019884,
            "Byte-172": 0.8903412929818975,
            "Byte-173": 0.8875507322336513,
            "Byte-174": 0.8833984242456004,
            "Byte-175": 0.8862526272166621,
            "Byte-176": 0.8788548728838673,
            "Byte-177": 0.8791495368095076,
            "Byte-178": 0.8881683262428728,
            "Byte-179": 0.8815480521123233,
            "Byte-180": 0.8860826237154921,